insert into public.tds_info(id,name,today,my_recommend,halt_flag,genre,area,today_comment,recommend_comment,facility_comment) values 
    (1,'ohayou',0,0,0,null,null,null,null,null)
  , (11,'ヴェネツィアン・ゴンドラ',0,1,0,1,1,null,'きれいなのでぜひ乗ったことなかったら乗ってみてほしい！けど暑いと休むからどうかな(◞‸◟)',null)
  , (12,'ソアリン：ファンタスティック・フライト',0,1,0,1,1,null,'安定のやつ！すいてたら乗ろう（好きなだけ）',null)
  , (13,'ディズニーシー・トランジットスチーマーライン',0,0,0,1,1,null,null,null)
  , (14,'フォートレス・エクスプロレーション',0,0,0,1,1,null,null,null)
  , (15,'ザ・レオナルドチャレンジ',0,0,0,1,1,null,null,null)
  , (16,'イル・ポスティーノ・ステーショナリー',0,0,0,4,1,null,null,null)
  , (17,'ヴァレンティーナズ・スウィート',0,0,0,4,1,null,null,null)
  , (18,'ヴィラ・ドナルド・ホームショップ',0,0,0,4,1,null,null,null)
  , (19,'ヴェネツィアン・カーニバル・マーケット',0,0,0,4,1,null,null,null)
  , (21,'タートル・トーク',0,0,0,1,2,null,null,null)
  , (22,'タワー・オブ・テラー',0,0,0,1,2,null,null,null)
  , (23,'ディズニーシー・エレクトリックレールウェイ',0,0,1,1,2,null,'',null)
  , (24,'ディズニーシー・トランジットスチーマーライン',0,0,0,1,2,null,null,null)
  , (25,'トイ・ストーリー・マニア',0,1,0,1,2,null,'これも個人的に好きなだけです、、、笑',null)
  , (26,'ビッグシティ・ウィーグル',0,0,0,1,2,null,null,null)
  , (27,'ドッグサイドステージ',0,0,0,2,2,null,null,null)
  , (28,'ブロードウェイ・ミュージックシアター',1,0,0,2,2,'当てましょう！当たらないなら並びましょう！！',null,null)
  , (29,'ヴィレッジ・グリーティングプレイス',0,0,0,3,2,null,null,null)
  , (31,'アクアトピア',0,0,0,1,3,null,null,null)
  , (32,'ディズニーシー・エレクトリックレールウェイ',0,0,0,1,3,null,null,null)
  , (33,'ニモ＆フレンズ・シーライダー',0,1,0,1,3,null,'これも個人的に...(ry',null)
  , (34,'スカイウォッチャー・スーヴェニア',0,0,0,4,3,null,null,null)
  , (35,'ディスカバリーギフト',0,0,0,4,3,null,null,null)
  , (36,'シーサイドスナック',0,0,0,5,3,null,null,null)
  , (37,'ブリーズウェイ・バイツ',0,0,0,5,3,null,null,null)
  , (38,'ベイサイド・テイクアウト',0,0,0,5,3,null,null,null)
  , (39,'ホライズンベイ・レストラン',0,0,0,7,3,null,null,null)
  , (41,'インディ・ジョーンズ・アドベンチャー：クリスタルスカルの魔宮',0,0,0,1,4,null,null,null)
  , (42,'ディズニーシー・トランジットスチーマーライン',0,0,0,1,4,null,null,null)
  , (43,'レイジングスピリッツ',0,0,0,1,4,null,null,null)
  , (44,'ハンガーステージ',0,0,0,2,4,null,null,null)
  , (45,'”サルードス・アミーゴス！”グリーティングドック',0,0,0,3,4,null,null,null)
  , (46,'ミッキー＆フレンズ・グリーティングトレイル',1,0,0,3,4,'ミキミニカチューシャでグリしちゃおう☺',null,null)
  , (47,'エクスペディション・フォトアーカイヴ',0,0,0,4,4,null,null,null)
  , (48,'ペドラーズ・アウトポスト',0,0,0,4,4,null,null,null)
  , (49,'ルックアウト・トレーダー',0,0,0,4,4,null,null,null)
  , (51,'キャラバンカルーセル',0,0,0,1,5,null,null,null)
  , (52,'ジャスミンのフライングカーペット',0,0,0,1,5,null,null,null)
  , (53,'シンドバッド・ストーリーブックヴォヤッジ',0,0,1,1,5,null,null,null)
  , (54,'マジックランプシアター',0,0,0,1,5,null,null,null)
  , (55,'アグラバーマーケットプレイス',0,0,0,4,5,null,null,null)
  , (56,'アブーズ・バザール',0,0,0,4,5,null,null,null)
  , (57,'オープンセサミ',0,0,0,5,5,null,null,null)
  , (58,'カスバ・フードコート',0,1,0,6,5,null,'ここのココナッツプリンが個人的優勝パークスイーツ説あります。。。席数多いから新エリアのキャンセル拾う時の涼み場としても👍',null)
  , (59,'サルタンズ・オアシス',0,0,0,5,5,null,null,null)
  , (61,'アリエルのプレイグラウンド',0,0,0,1,6,null,null,null)
  , (62,'ジャンピン・ジェリーフィッシュ',0,0,0,1,6,null,null,null)
  , (63,'スカットルのスクーター',0,1,0,1,6,null,'これ、シュールですごく好きです:)',null)
  , (64,'フランダーのフライングフィッシュコースター',0,0,0,1,6,null,null,null)
  , (65,'ブローフィッシュ・バルーンレース',0,0,0,1,6,null,null,null)
  , (66,'マーメイドラグーンシアター',0,0,0,1,6,null,null,null)
  , (67,'ワールプール',0,0,0,1,6,null,null,null)
  , (68,'キス・デ・ガール・ファッション',0,0,0,4,6,null,null,null)
  , (69,'グロットフォト＆ギフト',0,0,0,4,6,null,null,null)
  , (71,'海底2万マイル',0,1,0,1,7,null,'ふーかちゃんのすきなやつ！！！！！！のりましょう！！！！！！！笑',null)
  , (72,'センター・オブ・ジ・アース',0,0,0,1,7,null,null,null)
  , (73,'ノーチラスギフト',0,0,0,4,7,null,null,null)
  , (74,'ヴォルケイニア・レストラン',0,0,0,5,7,null,null,null)
  , (75,'ノーチラスギャレー',0,0,0,5,7,null,null,null)
  , (76,'リフレッシュメント・ステーション',0,0,0,6,7,null,null,null)
  , (81,'ファンタジースプリングス・ギフト',0,0,0,4,8,null,null,null)
  , (82,'スプリングス・トレジャー',0,0,0,4,8,null,null,null)
  , (83,'ピーターパンのネバーランドアドベンチャー',1,0,0,1,8,'何としても乗る！3D酔いしないといいなあ。',null,null)
  , (84,'フェアリー・ティンカーベルのビジーバギー',1,0,0,1,8,'実は私も乗ってません！乗れるかなあ？（優先度は低い...w）',null,null)
  , (85,'ルックアウト・クックアウト',0,1,0,6,8,null,'ピーターパンに出てくるロストキッズの隠れ家のような場所だよ～席混んでる（おそらく）けどかわいい',null)
  , (86,'アナとエルサのフローズンジャーニー',1,0,0,1,8,'何としても乗る！ネタばれはしません🤐',null,null)
  , (87,'アレンデール・ロイヤルバンケット',0,0,0,6,8,null,null,null)
  , (88,'オーケンのオーケーフード',0,0,0,5,8,null,null,null)
  , (89,'ラプンツェルのランタンフェスティバル',1,0,0,1,8,'何としても乗る！すごくきれいです(^_-)-☆',null,null)
  , (110,'エンポーリオ',0,0,0,4,1,null,null,null)
  , (111,'ガッレリーア・ディズニー',0,0,0,4,1,null,null,null)
  , (112,'スプレンディード',0,0,0,4,1,null,null,null)
  , (113,'ピッコロメルカート',0,0,0,4,1,null,null,null)
  , (114,'フィガロズ・クロージアー',0,0,0,4,1,null,null,null)
  , (115,'フォトグラフィカ',0,0,0,4,1,null,null,null)
  , (116,'ベッラ・ミンニ・コレクション',0,0,0,4,1,null,null,null)
  , (117,'マーチャント・オブ・ヴェニス・コンフェクション',0,0,0,4,1,null,null,null)
  , (118,'ミラマーレ',0,0,0,4,1,null,null,null)
  , (119,'リメンブランツェ',0,0,0,4,1,null,null,null)
  , (120,'カフェ・ポルトフィーノ',0,0,0,5,1,null,null,null)
  , (121,'ゴンドリエ・スナック',0,0,0,5,1,null,null,null)
  , (122,'ザンビーニ・ブラザーズ・リストランテ',0,0,0,6,1,null,null,null)
  , (123,'マゼランズ',0,0,0,7,1,null,null,null)
  , (124,'マンマ・ビスコッティーズ・ベーカリー',0,1,0,5,1,'','おいしいパン屋さん～ビリーヴ地蔵のお供にも👍',null)
  , (125,'リストランテ・ディ・カナレット',0,0,0,7,1,null,null,null)
  , (126,'リフレスコス',0,0,0,5,1,null,null,null)
  , (210,'アーント・ペグス・ヴィレッジストア',0,1,0,4,2,null,'ダッフィーグッズの元祖！お店はちいちゃいけどかわいいんよなあ',null)
  , (211,'スチームボート・ミッキーズ',0,0,0,4,2,null,null,null)
  , (212,'スリンキー・ドッグのギフトトロリー',0,0,0,4,2,null,null,null)
  , (213,'タワー・オブ・テラー・メモラビリア',0,0,0,4,2,null,null,null)
  , (214,'ニュージーズ・ノヴェルティ',0,0,0,4,2,null,null,null)
  , (215,'マクダックス・デパートメントストア',0,1,0,4,2,null,'ここは広めでダッフィーフレンズグッズが売ってるんやで(^・^)',null)
  , (216,'S.S.コロンビア・ダイニングルーム',0,0,0,7,2,null,null,null)
  , (217,'ケープコッドクックオフ',0,0,0,6,2,null,null,null)
  , (218,'ケープコッド・コンフェクション',0,0,0,5,2,null,null,null)
  , (219,'テディ・ルーズベルト・ラウンジ',0,1,0,7,2,'','すみません好きすぎて予約とってますよかったら行きませんか^^;',null)
  , (220,'デランシー・ケータリング',0,0,0,5,2,null,null,null)
  , (221,'ドックサイドダイナー',0,0,0,6,2,null,null,null)
  , (222,'ニューヨーク・デリ',0,1,0,6,2,null,'パンプキンチュロス売ってるで～モバイルオーダーでもして食べよ(^_-)-☆',null)
  , (223,'バーナクル・ビルズ',0,0,0,5,2,null,null,null)
  , (224,'ハイタイド・トリート',0,0,0,5,2,null,null,null)
  , (225,'ハドソンリバー・ハーベスト',0,0,0,5,2,null,null,null)
  , (226,'パパダキス・フレッシュフルーツ',0,0,0,5,2,null,null,null)
  , (227,'リバティ・ランディング・ダイナー',0,1,0,5,2,null,'ハロウィンサンデーなるものが...!?暑かったら見てみよ！',null)
  , (228,'レストラン櫻',0,0,0,7,2,null,null,null)
  , (410,'ロストリバーアウトフィッター',0,1,0,4,4,null,'ここは隠れたダッフィーフレンズグッズのお店！すいてるから品物見やすい♩',null)
  , (411,'エクスペディション・イート',0,0,0,5,4,null,null,null)
  , (412,'トロピック・アルズ',0,0,0,5,4,null,null,null)
  , (413,'ミゲルズ・エルドラド・キャンティーナ',0,1,0,6,4,null,'激かわハロウィンまんのお店、、小腹すいたとき用のおすすめ(^・^)',null)
  , (414,'ユカタン・ベースキャンプ・グリル',0,0,0,6,4,null,null,null)
  , (415,'ロストリバークックハウス',0,0,0,5,4,null,null,null)
  , (610,'シータートル・スーヴェニア',0,0,0,4,6,null,null,null)
  , (611,'スリーピーホエール・ショップ',0,0,0,4,6,null,null,null)
  , (612,'マーメイドトレジャー',0,0,0,4,6,null,null,null)
  , (613,'マーメイドメモリー',0,0,0,4,6,null,null,null)
  , (614,'セバスチャンのカリプソキッチン',0,1,0,6,6,null,'ここのシーフードカルツォーネはおいしそうだなっていつも思ってるご飯に困ったときに( ◠‿◠ ) ',null)
  , (810,'スナグリーダックリング',0,1,0,6,8,null,'ラプンツェル序盤に出てくる荒くれ物の飲み屋モチーフ！中はシンプルなハンバーガー屋さん(^_-)-☆',null);

  
  ﻿insert into public.genre(num,disp_name,name) values 
    (1,'アトラクション','attraction')
  , (2,'エンターテイメント施設','entertainment')
  , (3,'キャラクターグリーティング施設','greeting')
  , (4,'ショップ','shop')
  , (5,'レストラン','restaurant')
  , (6,'レストラン(MO対応)','mo')
  , (7,'レストラン(PS対象)','ps')
  , (8,'ポップコーンワゴン','popcorn')
  , (9,'そのほか施設','others');

  ﻿insert into public.area(num,disp_name,name) values 
    (1,'メディテレーニアンハーバー','MH')
  , (2,'アメリカンウォーターフロント','AF')
  , (3,'ポートディスカバリー','PD')
  , (4,'ロストリバーデルタ','LD')
  , (5,'アラビアンコースト','AC')
  , (6,'マーメイドラグーン','ML')
  , (7,'ミステリアスアイランド','MI')
  , (8,'ファンタジースプリングス','FS');
  
